insert into student() values
('8364046','Nguyễn Quốc Hùng','Phường 8 Quận 6 TP HCM','Nam','1999-09-09'),
('1122334','Nguyễn Thị Thu Hiền','Phường 9 Quận 6 TP HCM','Nữ','1996-03-15'),
('1234567','Nguyễn Duy Nhật','Phường 12 Quận 7 TP HCM','Nam','2001-07-15'),
('1234455','Hoàng Thị Hồng Sơn','Phường 18 Quận Bình Thạnh TP HCM','Nữ','2001-07-16'),
('1223456','Nguyễn Thị Kiều Hạnh','Phường 6 Quận 5 TP HCM','Nữ','2001-08-19'),
('1233456','Nguyễn Quốc Trọng','Phường Linh Trung Quận Thủ Đức TP HCM','Nam','2001-11-02'),
('1234556','Phạm Phương Linh','Phường 8 Quận 8 TP HCM','Nam','2004-09-09'),
('1234566','Đinh Lệ Trân','Phường 12 Quận 10 TP HCM','Nữ','2001-06-15'),
('1112223','Nguyễn Trọng Nhật','Phường 9 Quận 9 TP HCM','Nam','2000-03-03'),
('1112233','Huỳnh Bá Đạt','Phường Tân Tạo Quận Bình Tân TP HCM','Nam','2000-04-15'),
('1112222','Võ Xuân Dũng','Phường Tân Tạo Quận Bình Tân TP HCM','Nam','1995-05-25'),
('1235555','Phạm Việt Cường','Phường 1 Quận 1 TP HCM','Nam','2001-03-13'),
('1236666','Lê Mậu Phúc Khang','Phường 3 Quận 2 TP HCM','Nam','2001-06-20'),
('1237777','Nguyễn Anh Văn','Phường Tân Thành Quận Tân Phú TP HCM','Nam','2001-08-18'),
('1238888','Bùi Thanh Duy','Phường Linh Trung Quận Thủ Đức TP HCM','Nam','2001-09-19'),
('1239999','Hồ Hoàng Huy','Phường 15 Quận Tân Phú TP HCM','Nam','2001-11-01'),
('2341111','Võ Thị Mỹ Duyên','Phường 7 Quận 5 TP HCM','Nữ','2000-07-07'),
('2342222','Bùi Bảo Yến','Phường 13 Quận 3 TP HCM','Nữ','2005-08-08'),
('2343333','Lương Thị Hoài Mỹ','Phường Tây Thạnh Quận Tân Phú TP HCM','Nữ','2006-09-09'),
('2344444','Lê Thủy Ánh','Phường 7 Quận 4 TP HCM','Nữ','1992-01-02'),
('2345555','Lê Thị Ngọc Nhung','Phường 16 Quận 1 TP HCM','Nữ','1995-03-04'),
('2346666','Nguyễn Thị Cẩm Ly','Phường Linh Chiểu Quận Thủ Đức TP HCM','Nữ','2004-05-15'),
('2347777','Hà Giang Phạm','Phường Linh Tây Quận Thủ Đức TP HCM','Nữ','1999-09-19'),
('2348888','Mai Công Nam','Phường 10 Quận 10 TP HCM','Nam','2001-01-01'),
('2349999','Nguyễn Tấn Lộc','Phường 7 Quận 7 TP HCM','Nam','2001-05-05'),
('3341111','Trúc Linh Dương','Phường 25 Quận Bình Thạnh TP HCM','Nữ','2004-01-01'),
('3342222','Hồ Thị Hảo','Phường 26 Quận Bình Thạnh TP HCM','Nữ','2005-02-03'),
('3343333','Nguyễn Bá Lực','Phường 17 Quận 1 TP HCM','Nam','2000-07-23'),
('3344444','Trần Mỹ Nga','Phường 21 Quận 2 TP HCM','Nữ','2001-02-02'),
('3345555','Nguyễn Thanh Tâm','Phường 9 Quận 12 TP HCM','Nữ','2007-04-04');

insert into student_from_18() values
('8364046','0362256850','hungvtvt01@gmail.com'),
('1122334','0956727272','hien.nguyen@gmail.com'),
('1234567','0999897999','nhatson@gmail.com'),
('1234455','0909202020','son.sonson@gmail.com'),
('1223456','0378881055','hanh.nguyenhanh@gmail.com'),
('1233456','0358888999','trong09001@gmail.com'),
('1234566','0374455667','dinhletran01@gmail.com'),
('1112223','0999345678','trongnhat@gmail.com'),
('1112233','0944443333','huynhdatdat@gmail.com'),
('1112222','0378444433','xuandungqb@gmail.com'),
('1235555','0376555555','phamcuong0505@gmail.com'),
('1236666','0999777777','phuckhanglemau@gmail.com'),
('1237777','0976543210','vannguyen0721@gmail.com'),
('1238888','0977999977','duybui.longan@gmail.com'),
('1239999','0345678910','huy.ho@gmail.com'),
('2341111','0999124578','duyen.euh@gmail.com'),
('2344444','0365544112','thuyphamcenter@gmail.com'),
('2345555','0345566778','nhungngoc.le@gmail.com'),
('2347777','0999999999','hagiang.hg@gmail.com'),
('2348888','0333333333','congnam.cgnam@gmail.com'),
('2349999','0345777777','tanlocxd@gmail.com'),
('3343333','0945454545','nguyenluchutech@gmail.com'),
('3344444','0373434343','ngatrancofer@gmail.com');

insert into guardian() values
('1234556','Phạm Văn Thành','Cha','0378466107','thanhphamdaughter@gmail.com'),
('2342222','Bùi Văn Trọng','Cha','0977457671','trongvanbui@gmail.com'),
('2343333','Lương Văn Sơn','Cha','0344979797','luongsonvan03@gmail.com'),
('2346666','Nguyễn Thị Cẩm Yên','Mẹ','0999774911','yenha@gmail.com'),
('3341111','Trúc Linh Thương','Mẹ','0388889999','thuongtruc@gmail.com'),
('3342222','Hồ Thị Hương','Chị','0377741231','huongho07@gmail.com'),
('3345555','Nguyễn Thanh Nhân','Anh','0957575757','nhannguyen57@gmail.com');

insert into branch() values
(1,'Phường 10 Quận 10 TP HCM',NULL),
(2,'Phường 8 Quận 5 TP HCM',NULL),
(5,'Phường 12 Quận Bình Thạnh TP HCM',NULL);

insert into employee() values
('4455667','Nguyễn Thị Hằng','1993-09-09','Phường 6 Quận Tân Phú TP HCM','Nữ','Chăm sóc khách hàng','0378555555','hangnguyencskh@gmail.com',1),
('4466677','Nguyễn Hồng Sơn','1992-08-08','Phường 17 Quận Bình Thạnh TP HCM','Nam','Chăm sóc khách hàng','0987746111','sonnguyencskh@gmail.com',1),
('4477677','Phạm Văn Nhân','1990-07-07','Phường 15 Quận 5 TP HCM','Nam','Chăm sóc khách hàng','0987746222','nhanphamcskh@gmail.com',1),
('4488677','Duy Thanh Hào','1992-06-15','Phường 18 Quận 10 TP HCM','Nam','Chăm sóc khách hàng','0375890000','haoduycskh@gmail.com',1),
('4499677','Võ Văn Thành','1995-09-11','Phường 11 Quận 4 TP HCM','Nam','Chăm sóc khách hàng','0977774444','thanhvocskh@gmail.com',1),
('5511211','Nguyễn Trọng Nhân','1990-07-12','Phường 8 Quận 8 TP HCM','Nam','Giáo viên','0944443333','nhannguyengv@gmail.com',1),
('5522222','Phạm Thanh Thảo','1992-02-02','Phường 11 Quận 11 TP HCM','Nữ','Giáo viên','0976555555','thaophamgv@gmail.com',1),
('5533233','Tom Hiddleston','1995-03-04','Phường 9 Quận 12 TP HCM','Nữ','Giáo viên','0986855555','duyenvogv@gmail.com',1),
('5544244','Tom Brian','1989-04-04','Phường 11 Quận 12 TP HCM','Nữ','Giáo viên','0948484848','nguyentrangv@gmail.com',1),
('5555255','Đinh Văn Diệp','1990-07-12','Phường 9 Quận 2 TP HCM','Nam','Giáo viên','0958585858','diepdinhgv@gmail.com',1),
('6611211','Trần Ngọc Sơn','1990-09-09','Phường 9 Quận 1 TP HCM','Nam','Quản lý khóa học','0973737373','sontranqlkh@gmail.com',1),
('6611311','Đinh Văn Tuấn','1985-08-18','Phường 10 Quận 10 TP HCM','Nam','Quản lý chi nhánh','0971717171','tuandinhqlcn@gmail.com',1),
('6622322','Nguyễn Văn Hào','1989-07-17','Phường Tân Tạo Quận Bình Tân TP HCM','Nam','Quản lý chi nhánh','0988991212','haonguyenqlcn@gmail.com',2),
('6633333','Trần Đình Thảo','1987-06-16','Phường 1 Quận 1 TP HCM','Nam','Quản lý chi nhánh','0979792222','thaotranqlcn@gmail.com',5);

UPDATE branch
SET MNGID = '6611311'
WHERE Number = 1;

UPDATE branch
SET MNGID = '6622322'
WHERE Number = 2;

UPDATE branch
SET MNGID = '6633333'
WHERE Number = 5;

insert into Classroom() values
(1,'Phòng học 1A',30,'Tòa nhà A','Tầng 1'),
(1,'Phòng học 2A',40,'Tòa nhà A','Tầng 2'),
(1,'Phòng học 3A',25,'Tòa nhà A','Tầng 2'),
(2,'Phòng học 1B',30,'Tòa nhà B','Tầng 1'),
(5,'Phòng học 1C',30,'Tòa nhà C','Tầng 1');

insert into Course() values
('111222333444555',1000000,'Beginner',8,'2021-11-30','18:00:00','6611211'),
('111234567891234',2000000,'Elementary',10,'2021-12-10','18:00:00','6611211'),
('123889988998899',4000000,'Intermediate',10,'2021-12-10','20:00:00','6611211'),
('123445566227788',6000000,'Upper Intermediate',12,'2021-12-15','18:00:00','6611211'),
('112233787878787',10000000,'Advanced','14','2021-12-15','18:00:00','6611211'),
('112244787878777',10000000,'Advanced','14','2021-12-15','20:00:00','6611211'),
('112235675757575',2500000,'Elementary',11,'2021-12-10','20:00:00','6611211'),
('112445566900900',1500000,'Beginner',9,'2021-11-30','20:00:00','6611211'),
('112499009900988',4000000,'Intermediate','10','2021-12-10','18:00:00','6611211');

insert into Teach() values
('5511211','111222333444555'),
('5522222','111234567891234'),
('5533233','123889988998899'),
('5544244','123445566227788'),
('5555255','112233787878787'),
('5511211','112244787878777'),
('5522222','112235675757575'),
('5533233','112445566900900'),
('5544244','112499009900988');

insert into Learn() values
('111222333444555','8364046',1),
('111234567891234','1122334',1),
('123889988998899','1234567',1),
('123445566227788','1234455',1),
('112233787878787','1223456',1),
('112244787878777','1233456',1),
('112235675757575','1234566',1),
('112445566900900','1112223',1),
('112499009900988','1112233',1),
('111222333444555','1112222',1),
('111234567891234','1235555',1),
('123889988998899','1236666',1),
('123445566227788','1237777',1),
('112233787878787','1238888',1),
('112244787878777','1239999',1),
('112235675757575','2341111',1),
('112445566900900','2344444',1),
('112499009900988','2345555',1),
('111222333444555','2347777',1),
('111234567891234','2348888',1),
('123889988998899','2349999',1),
('123445566227788','3343333',1),
('112233787878787','3344444',1),
('112244787878777','1234556',1),
('112235675757575','2342222',1),
('112445566900900','2343333',1),
('112499009900988','2346666',1),
('111222333444555','3341111',1),
('111234567891234','3342222',0),
('123889988998899','3345555',0);

insert into request(CID, StudentID, Time, Content, Status) values
('111222333444555','8364046','19:09:09','Thay đổi giờ học sang 20h','Chưa chấp nhận'),
('111234567891234','1122334','20:10:10','Thay đổi giờ học sang 18h','Chấp nhận');

insert into Learningdate() values
('111222333444555','Thứ 2'),
('111234567891234','Thứ 3'),
('123889988998899','Thứ 4'),
('123445566227788','Thứ 5'),
('112233787878787','Thứ 7'),
('112244787878777','Thứ 7'),
('112235675757575','Thứ 3'),
('112445566900900','Thứ 2'),
('112499009900988','Thứ 4');

insert into contactstudentunder18() values
('4455667','1234556','Phạm Văn Thành'),
('4466677','2342222','Bùi Văn Trọng'),
('4477677','2343333','Lương Văn Sơn'),
('4488677','2346666','Nguyễn Thị Cẩm Yên'),
('4488677','3341111','Trúc Linh Thương'),
('4455667','3342222','Hồ Thị Hương'),
('4455667','3345555','Nguyễn Thanh Nhân');

insert into contactrecordofunder18student() values
('4455667','1234556','Phạm Văn Thành','2021-11-10 20:00:00','Cần được tư vấn'),
('4466677','2342222','Bùi Văn Trọng','2021-11-09 18:09:00','Muốn được tư vấn từ trung tâm');

insert into ContactStudentFrom18() values
('4455667','1122334'),
('4466677','1233456'),
('4477677','1223456'),
('4488677','1234455'),
('4455667','1234567');

insert into ContactRecordOfFrom18Student() values
('4455667','1122334','2021-11-10 20:00:00','Tư vấn học phí của các khóa học'),
('4466677','1233456','2021-11-09 18:09:00','Muốn được tư vấn từ trung tâm');


insert into Studentresult() values
('111222333444555','8364046',9,'Giỏi'),
('111234567891234','1122334',8,'Tốt'),
('123889988998899','1234567',9.9,'Xuất Sắc'),
('123445566227788','1234455',9.9,'Xuất Sắc'),
('112233787878787','1223456',6,'Trung Bình cần nổ lực thêm'),
('112244787878777','1233456',8,'Tốt'),
('112235675757575','1234566',9.9,'Xuất Sắc'),
('112445566900900','1112223',9.9,'Xuất Sắc'),
('112499009900988','1112233',9,'Giỏi tiếp tục cố gắng');

insert into ratecourse() values
('111222333444555','8364046','Khóa học tuyệt vời'),
('111234567891234','1122334','Khóa học đầy đủ tư liệu'),
('123889988998899','1234567','Khóa học đầy đủ tài liệu'),
('123445566227788','1234455','Khóa học tuyệt vời'),
('112233787878787','1223456','Khóa học đầy đủ tư liệu'),
('112244787878777','1233456','Khóa học đầy đủ tài liệu'),
('112235675757575','1234566','Khóa học chi tiết và có hướng dẫn học sinh'),
('112445566900900','1112223','Khóa học tuyệt vời'),
('112499009900988','1112233','Khóa học tuyệt vời');

insert into rateteacher() values
('5511211','111222333444555','8364046',4,4,5,4,4),
('5522222','111234567891234','1122334',5,3,4,4,5),
('5533233','123889988998899','1234567',4,4,5,4,4),
('5544244','123445566227788','1234455',4,4,4,5,4),
('5555255','112233787878787','1223456',5,5,4,5,4);

insert into takeplacein() values
('111222333444555',1,'Phòng học 1A'),
('111234567891234',1,'Phòng học 2A'),
('123889988998899',1,'Phòng học 3A'),
('123445566227788',2,'Phòng học 1B'),
('112233787878787',5,'Phòng học 1C'),
('112244787878777',1,'Phòng học 1A'),
('112235675757575',1,'Phòng học 2A'),
('112445566900900',1,'Phòng học 3A'),
('112499009900988',1,'Phòng học 1A');

insert into Receive() values
('4455667','1','2021-11-09 20:20:12'),
('4466677','2','2021-11-09 21:10:10');
